{
  "type": "minecraft:overworld",
  "generator": {
      "type": "minecraft:flat",
      "settings": {
          "layers": [
              {
                  "height": 1,
                  "block": "minecraft:bedrock"
              },
              {
                  "height": 20,
                  "block": "minecraft:packed_ice"
              },
              {
                  "height": 5,
                  "block": "minecraft:ice"
              },
              {
                  "height": 2,
                  "block": "minecraft:snow_block"
              }
          ],
          "biome": "minecraft:snowy_tundra",
          "lakes": false,
          "features": true,
          "structures": {
              "stronghold": {
                  "distance": 32,
                  "spread": 3,
                  "count": 128
                },
                "structures": {
                    "minecraft:village": {
                        "spacing": 5,
                        "separation": 3,
                        "salt": 10387312
                      }
                }
          }
      }
  }
}